{
"Anna University": [
        13.0135192,
        80.2358676
    ],
    "University of Madras": [
        13.0911122,
        80.2856494
    ],
    "Indian Institute Of Technology Madras": [
        12.9917752,
        80.2337122
    ],
    "Loyola College": [
        13.063452,
        80.2333242
    ],
    "Sathyabama Institute of Science and Technology": [
        12.8733904,
        80.2275644
    ],
    "Madras Christian College": [
        12.9214471,
        80.1230222
    ],
    "SRM Institute of Science and Technology": [
        12.8237959,
        80.0455723
    ],
    "Stella Maris College": [
        13.0470326,
        80.2543673
    ],
    "Women's Christian College": [
        13.0706493,
        80.2500329
    ],
    "Sri Sivasubramaniya Nadar College of Engineering SSN": [
        12.752004,
        80.2038169
    ],
    "Ethiraj College for Women": [
        13.0635105,
        80.2585863
    ],
    "Presidency College": [
        13.0593114,
        80.2829331
    ],
    "Sai Ram Engineering College": [
        13.0482644,
        80.1933385
    ],
    "Vellore Institute of Technology": [
        12.8411712,
        80.1540668
    ],
    "Vels Institute of Science, Technology & Advanced Studies": [
        12.9580161,
        80.1606095
    ],
    "Madras Institute of Technology MIT": [
        12.9489057,
        80.1408225
    ],
    "SRM Easwari Engineering College": [
        13.032286,
        80.1800435
    ],
    "Saveetha University": [
        13.0284642,
        80.0157311
    ],
    "Rajalakshmi Engineering College": [
        13.0094218,
        80.0051124
    ],
    "Chennai Institute of Technology CIT": [
        12.9727944,
        80.044527
    ],
    "M.O.P. Vaishnav College for Women": [
        13.0558208,
        80.2510763
    ],
    "Panimalar Engineering College": [
        13.0492289,
        80.0765099
    ],
    "SDNB VAISHNAV COLLEGE FOR WOMEN": [
        12.9565218,
        80.1460243
    ],
    "Dr. M.G.R. Engineering College": [
        13.0705744,
        80.1776931
    ],
    "Bharath Engineering College": [
        13.103218,
        80.1973585
    ],
    "Crescent Engineering College": [
        12.8758994,
        80.0849204
    ],
    "A.C. College of Technology": [
        13.0085188,
        80.2394976
    ],
    "MEASI Institute of Management": [
        13.0547036,
        80.2611254
    ],
    "Velammal College of Management and Computer Science": [
        13.08,
        80.21
    ],
    "Maharishi Institute of Management": [
        13.07,
        80.24
    ],
    "Aarupadai Veedu Institute of Technology": [
        12.6574701,
        80.1814519
    ],
    "Valliammal College for Women": [
        13.0869103,
        80.2208983
    ],
    "Asan Memorial Arts and Science College": [
        12.9258658,
        80.2010416
    ],
    "Hindustan Institute of Technology and Science": [
        12.8016917,
        80.2251398
    ],
    "Meenakshi College for Women": [
        13.0549401,
        80.228052
    ],
    "Meenakshi Sundararajan Engineering College": [
        13.0562583,
        80.2266121
    ],
    "Jeppiaar Engineering College": [
        12.8667124,
        80.2217496
    ],
    "Dhanalakshmi College of Engineering": [
        12.9305462,
        80.0455929
    ],
    "Alpha Arts and Science College": [
        13.0474863,
        80.1443458
    ],
    "KCG College of Technology": [
        12.9223951,
        80.2406982
    ],
    "Vivekananda College": [
        13.0205,
        80.2678
    ],
    "Dwaraka Doss Goverdhan Doss Vaishnav College": [
        13.076583,
        80.2145281
    ],
    "Justice Basheer Ahmed Sayeed College for Women": [
        13.0367679,
        80.2488591
    ],
    "Guru Nanak College": [
        12.9937906,
        80.2217369
    ],
    "Mohamed Sathak College of Arts and Science": [
        12.9009223,
        80.2252831
    ],
    "Sindhi College": [
        13.0606497,
        80.1312496
    ],
    "Prince Shri Venkateshwara Padmavathy Engineering College": [
        12.8518078,
        80.1715759
    ],
    "Sri Sai Ram Institute of Technology": [
        12.9613432,
        80.0542299
    ]
}